{"seaports": 0.0, "airports": 0.0, "roadway": 7.561635491957741e-07, "railstatns": 2.6790411198216515e-08, "taxi": 8.961861590970524e-07, "tramstop": 4.469112352686898e-06, "railhalt": 5.443945812696649e-07, "ferry": 2.916611707426599e-06, "busstop": 6.96658100344362e-08, "busstatn": 3.174723925224944e-07, "railroad": 0.0, "(Intercept)": 2.0470339045727517e-11}