{"seaports": 0.0, "airports": 0.0, "roadway": 1.7255796607120539e-07, "railstatns": 5.498244893531345e-08, "taxi": 3.8486833236352713e-07, "tramstop": 1.3247042084167923e-06, "railhalt": 3.6923484845217794e-07, "ferry": 6.30279144247069e-07, "busstop": 2.914548504829725e-07, "busstatn": 3.478990764169311e-07, "railroad": 0.0, "(Intercept)": 6.210390349128251e-12}