{"seaports": 0.0, "airports": 0.0, "roadway": 2.0582772089985302e-07, "railstatns": 9.037875578419312e-09, "taxi": 3.8179137377383663e-07, "tramstop": 8.397029886862578e-07, "railhalt": 2.1863680501925325e-08, "ferry": 6.980334088822136e-07, "busstop": 1.5885187275269247e-07, "busstatn": 1.784914595725159e-07, "railroad": 0.0, "(Intercept)": 2.733611762748993e-12}