{"seaports": 0.0, "airports": 0.0, "roadway": 5.068040010851059e-07, "railstatns": 6.0996135118010525e-09, "taxi": 5.420000671733846e-07, "tramstop": 1.1346864199187818e-06, "railhalt": 6.923743360472064e-08, "ferry": 1.0053370357456525e-06, "busstop": 4.319174539849162e-08, "busstatn": 3.0632125053525207e-07, "railroad": 0.0, "(Intercept)": 3.5268955774864683e-12}