{"seaports": 0.0, "airports": 0.0, "roadway": 1.519579791531188e-07, "railstatns": 7.893405562957039e-08, "taxi": 1.0223890692958123e-06, "tramstop": 1.7535044823955176e-06, "railhalt": 9.83254445364473e-08, "ferry": 1.6138516802065642e-06, "busstop": 6.516543915331698e-07, "busstatn": 4.2486554814554315e-07, "railroad": 0.0, "(Intercept)": 7.664492323298165e-12}