{"seaports": 0.0, "airports": 0.0, "roadway": 2.5959932358005738e-08, "railstatns": 0.0, "taxi": 3.0692286914765857e-07, "tramstop": 5.682709444834187e-07, "railhalt": 4.715876182085311e-08, "ferry": 5.30720002430849e-07, "busstop": 1.5678111438568115e-07, "busstatn": 8.959868786680028e-08, "railroad": 0.0, "(Intercept)": 2.2564621966617312e-12}